"","X5_Height_in_cm","fit_exp","lwr","upr"
"1",150,92.5524304205731,87.3722998527492,98.0396806675738
"2",150.044044044044,92.5253179212229,87.3565297179467,97.999937544046
"3",150.088088088088,92.498213364264,87.3407563913963,97.9602173038169
"4",150.132132132132,92.4711167473698,87.3249798403013,97.9205199719883
"5",150.176176176176,92.4440280682143,87.3092000316332,97.8808455738973
"6",150.22022022022,92.4169473244722,87.2934169321301,97.8411941351171
"7",150.264264264264,92.3898745138188,87.277630508295,97.8015656814597
"8",150.308308308308,92.3628096339303,87.2618407263937,97.761960238977
"9",150.352352352352,92.3357526824834,87.2460475524528,97.7223778339635
"10",150.396396396396,92.3087036571554,87.2302509522578,97.6828184929576
"11",150.44044044044,92.2816625556247,87.2144508913518,97.6432822427438
"12",150.484484484484,92.2546293755698,87.1986473350326,97.6037691103544
"13",150.528528528529,92.2276041146703,87.1828402483513,97.564279123072
"14",150.572572572573,92.2005867706063,87.1670295961104,97.5248123084309
"15",150.616616616617,92.1735773410586,87.1512153428613,97.4853686942191
"16",150.660660660661,92.1465758237089,87.135397452903,97.445948308481
"17",150.704704704705,92.1195822162392,87.1195758902794,97.4065511795184
"18",150.748748748749,92.0925965163323,87.1037506187778,97.3671773358934
"19",150.792792792793,92.0656187216719,87.0879216019265,97.32782680643
"20",150.836836836837,92.0386488299421,87.0720888029929,97.2884996202161
"21",150.880880880881,92.0116868388279,87.0562521849813,97.2491958066062
"22",150.924924924925,91.9847327460148,87.0404117106309,97.2099153952226
"23",150.968968968969,91.9577865491892,87.0245673424137,97.1706584159582
"24",151.013013013013,91.9308482460378,87.0087190425322,97.1314248989785
"25",151.057057057057,91.9039178342484,86.9928667729175,97.0922148747234
"26",151.101101101101,91.8769953115093,86.9770104952269,97.0530283739097
"27",151.145145145145,91.8500806755093,86.9611501708418,97.0138654275334
"28",151.189189189189,91.8231739239381,86.9452857608656,96.9747260668714
"29",151.233233233233,91.7962750544861,86.9294172261213,96.9356103234842
"30",151.277277277277,91.7693840648443,86.9135445271496,96.896518229218
"31",151.321321321321,91.7425009527043,86.8976676242059,96.8574498162068
"32",151.365365365365,91.7156257157584,86.881786477259,96.8184051168749
"33",151.409409409409,91.6887583516997,86.8659010459883,96.7793841639387
"34",151.453453453453,91.661898858222,86.8500112897815,96.7403869904098
"35",151.497497497498,91.6350472330195,86.8341171677321,96.7014136295966
"36",151.541541541542,91.6082034737873,86.8182186386377,96.6624641151069
"37",151.585585585586,91.5813675782212,86.8023156609969,96.6235384808505
"38",151.62962962963,91.5545395440175,86.7864081930075,96.584636761041
"39",151.673673673674,91.5277193688733,86.770496192564,96.5457589901987
"40",151.717717717718,91.5009070504865,86.7545796172546,96.5069052031528
"41",151.761761761762,91.4741025865553,86.7386584243596,96.468075435044
"42",151.805805805806,91.4473059747789,86.7227325708488,96.4292697213264
"43",151.84984984985,91.4205172128571,86.7068020133783,96.3904880977707
"44",151.893893893894,91.3937362984903,86.690866708289,96.3517306004662
"45",151.937937937938,91.3669632293797,86.6749266116037,96.3129972658233
"46",151.981981981982,91.340198003227,86.6589816790242,96.2742881305764
"47",152.026026026026,91.3134406177347,86.6430318659295,96.2356032317858
"48",152.07007007007,91.286691070606,86.6270771273727,96.196942606841
"49",152.114114114114,91.2599493595446,86.6111174180786,96.1583062934625
"50",152.158158158158,91.2332154822551,86.5951526924413,96.1196943297049
"51",152.202202202202,91.2064894364425,86.5791829045213,96.0811067539596
"52",152.246246246246,91.1797712198129,86.5632080080432,96.0425436049567
"53",152.29029029029,91.1530608300725,86.5472279563923,96.0040049217683
"54",152.334334334334,91.1263582649287,86.5312427026134,95.9654907438114
"55",152.378378378378,91.0996635220893,86.5152521994064,95.9270011108495
"56",152.422422422422,91.0729765992627,86.4992563991248,95.8885360629963
"57",152.466466466466,91.0462974941581,86.4832552537728,95.8500956407179
"58",152.51051051051,91.0196262044855,86.4672487150022,95.8116798848358
"59",152.554554554555,90.9929627279554,86.4512367341098,95.7732888365294
"60",152.598598598599,90.9663070622789,86.4352192620348,95.734922537339
"61",152.642642642643,90.939659205168,86.4191962493558,95.6965810291685
"62",152.686686686687,90.9130191543351,86.4031676462882,95.658264354288
"63",152.730730730731,90.8863869074935,86.3871334026812,95.6199725553369
"64",152.774774774775,90.8597624623571,86.3710934680151,95.5817056753268
"65",152.818818818819,90.8331458166405,86.3550477913983,95.5434637576439
"66",152.862862862863,90.8065369680587,86.3389963215644,95.5052468460523
"67",152.906906906907,90.7799359143278,86.3229390068698,95.4670549846968
"68",152.950950950951,90.7533426531643,86.3068757952899,95.4288882181057
"69",152.994994994995,90.7267571822855,86.290806634417,95.390746591194
"70",153.039039039039,90.7001794994091,86.2747314714568,95.3526301492657
"71",153.083083083083,90.6736096022539,86.2586502532259,95.3145389380177
"72",153.127127127127,90.647047488539,86.2425629261483,95.276473003542
"73",153.171171171171,90.6204931559843,86.2264694362527,95.2384323923292
"74",153.215215215215,90.5939466023104,86.2103697291696,95.2004171512712
"75",153.259259259259,90.5674078252385,86.1942637501281,95.1624273276642
"76",153.303303303303,90.5408768224907,86.1781514439526,95.1244629692122
"77",153.347347347347,90.5143535917893,86.1620327550602,95.0865241240296
"78",153.391391391391,90.4878381308577,86.1459076274573,95.0486108406445
"79",153.435435435435,90.4613304374197,86.1297760047366,95.0107231680018
"80",153.47947947948,90.4348305092,86.113637830074,94.9728611554663
"81",153.523523523524,90.4083383439238,86.0974930462253,94.9350248528258
"82",153.567567567568,90.381853939317,86.0813415955232,94.8972143102944
"83",153.611611611612,90.3553772931061,86.065183419874,94.8594295785154
"84",153.655655655656,90.3289084030184,86.0490184607548,94.8216707085646
"85",153.6996996997,90.3024472667819,86.0328466592095,94.783937751954
"86",153.743743743744,90.275993882125,86.0166679558464,94.7462307606342
"87",153.787787787788,90.249548246777,86.0004822908344,94.7085497869981
"88",153.831831831832,90.2231103584679,85.9842896039002,94.6708948838841
"89",153.875875875876,90.1966802149282,85.9680898343245,94.6332661045795
"90",153.91991991992,90.1702578138891,85.951882920939,94.5956635028235
"91",153.963963963964,90.1438431530824,85.9356688021232,94.5580871328106
"92",154.008008008008,90.1174362302409,85.9194474158011,94.5205370491944
"93",154.052052052052,90.0910370430976,85.9032186994374,94.4830133070899
"94",154.096096096096,90.0646455893866,85.8869825900346,94.4455159620778
"95",154.14014014014,90.0382618668422,85.8707390241297,94.4080450702075
"96",154.184184184184,90.0118858731999,85.8544879377902,94.3706006880005
"97",154.228228228228,89.9855176061953,85.8382292666117,94.3331828724537
"98",154.272272272272,89.9591570635652,85.8219629457134,94.295791681043
"99",154.316316316316,89.9328042430466,85.8056889097354,94.2584271717268
"100",154.36036036036,89.9064591423774,85.7894070928352,94.2210894029486
"101",154.404404404404,89.8801217592963,85.773117428684,94.183778433642
"102",154.448448448448,89.8537920915423,85.7568198504634,94.1464943232324
"103",154.492492492492,89.8274701368554,85.7405142908617,94.109237131642
"104",154.536536536537,89.801155892976,85.724200682071,94.0720069192922
"105",154.580580580581,89.7748493576453,85.707878955783,94.0348037471077
"106",154.624624624625,89.7485505286052,85.6915490431858,93.9976276765197
"107",154.668668668669,89.7222594035982,85.6752108749607,93.9604787694696
"108",154.712712712713,89.6959759803674,85.6588643812779,93.9233570884124
"109",154.756756756757,89.6697002566567,85.6425094917938,93.8862626963203
"110",154.800800800801,89.6434322302106,85.6261461356469,93.8491956566865
"111",154.844844844845,89.6171718987741,85.6097742414545,93.812156033528
"112",154.888888888889,89.5909192600932,85.5933937373089,93.77514389139
"113",154.932932932933,89.5646743119142,85.5770045507741,93.738159295349
"114",154.976976976977,89.5384370519844,85.5606066088821,93.7012023110167
"115",155.021021021021,89.5122074780514,85.5441998381292,93.6642730045431
"116",155.065065065065,89.4859855878638,85.5277841644726,93.6273714426207
"117",155.109109109109,89.4597713791706,85.5113595133268,93.5904976924874
"118",155.153153153153,89.4335648497217,85.4949258095597,93.5536518219311
"119",155.197197197197,89.4073659972674,85.4784829774892,93.5168338992921
"120",155.241241241241,89.3811748195588,85.4620309408798,93.4800439934676
"121",155.285285285285,89.3549913143477,85.4455696229386,93.443282173915
"122",155.329329329329,89.3288154793865,85.4290989463117,93.4065485106558
"123",155.373373373373,89.3026473124282,85.4126188330809,93.3698430742786
"124",155.417417417417,89.2764868112266,85.3961292047599,93.3331659359433
"125",155.461461461461,89.250333973536,85.3796299822906,93.2965171673845
"126",155.505505505506,89.2241887971114,85.3631210860393,93.2598968409153
"127",155.54954954955,89.1980512797088,85.3466024357937,93.2233050294308
"128",155.593593593594,89.1719214190841,85.3300739507585,93.1867418064113
"129",155.637637637638,89.1457992129946,85.3135355495523,93.1502072459269
"130",155.681681681682,89.1196846591978,85.2969871502038,93.1137014226403
"131",155.725725725726,89.0935777554522,85.2804286701482,93.0772244118108
"132",155.76976976977,89.0674784995167,85.2638600262237,93.0407762892976
"133",155.813813813814,89.0413868891508,85.2472811346676,93.0043571315637
"134",155.857857857858,89.015302922115,85.230691911113,92.9679670156795
"135",155.901901901902,88.9892265961702,85.2140922705849,92.9316060193264
"136",155.945945945946,88.9631579090779,85.197482127497,92.8952742207998
"137",155.98998998999,88.9370968586004,85.1808613956479,92.8589716990136
"138",156.034034034034,88.9110434425007,85.1642299882173,92.8226985335033
"139",156.078078078078,88.8849976585422,85.1475878177631,92.7864548044294
"140",156.122122122122,88.8589595044893,85.130934796217,92.7502405925812
"141",156.166166166166,88.8329289781068,85.1142708348818,92.7140559793804
"142",156.21021021021,88.8069060771603,85.0975958444273,92.6779010468841
"143",156.254254254254,88.7808907994159,85.0809097348869,92.6417758777892
"144",156.298298298298,88.7548831426404,85.0642124156546,92.6056805554347
"145",156.342342342342,88.7288831046015,85.0475037954808,92.5696151638064
"146",156.386386386386,88.7028906830671,85.0307837824693,92.5335797875396
"147",156.43043043043,88.6769058758062,85.0140522840739,92.4975745119225
"148",156.474474474474,88.6509286805882,84.9973092070946,92.4615994228998
"149",156.518518518519,88.6249590951832,84.9805544576748,92.4256546070763
"150",156.562562562563,88.5989971173619,84.9637879412977,92.3897401517197
"151",156.606606606607,88.5730427448959,84.9470095627824,92.3538561447647
"152",156.650650650651,88.547095975557,84.9302192262815,92.3180026748154
"153",156.694694694695,88.5211568071182,84.9134168352777,92.2821798311491
"154",156.738738738739,88.4952252373528,84.8966022925797,92.2463877037196
"155",156.782782782783,88.4693012640347,84.87977550032,92.2106263831604
"156",156.826826826827,88.4433848849387,84.8629363599511,92.1748959607873
"157",156.870870870871,88.4174760978401,84.8460847722427,92.1391965286024
"158",156.914914914915,88.3915749005149,84.8292206372785,92.1035281792965
"159",156.958958958959,88.3656812907397,84.8123438544528,92.0678910062527
"160",157.003003003003,88.3397952662919,84.7954543224683,92.0322851035489
"161",157.047047047047,88.3139168249492,84.7785519393321,91.9967105659613
"162",157.091091091091,88.2880459644905,84.7616366023534,91.961167488967
"163",157.135135135135,88.2621826826948,84.7447082081407,91.9256559687469
"164",157.179179179179,88.236326977342,84.7277666525983,91.8901761021888
"165",157.223223223223,88.2104788462129,84.7108118309242,91.8547279868901
"166",157.267267267267,88.1846382870884,84.693843637607,91.8193117211599
"167",157.311311311311,88.1588052977504,84.6768619664232,91.783927404023
"168",157.355355355355,88.1329798759814,84.6598667104348,91.7485751352213
"169",157.399399399399,88.1071620195647,84.6428577619865,91.7132550152172
"170",157.443443443443,88.0813517262839,84.6258350127032,91.6779671451955
"171",157.487487487487,88.0555489939235,84.6087983534877,91.6427116270662
"172",157.531531531532,88.0297538202686,84.5917476745179,91.6074885634672
"173",157.575575575576,88.003966203105,84.5746828652452,91.5722980577657
"174",157.61961961962,87.9781861402189,84.5576038143916,91.5371402140613
"175",157.663663663664,87.9524136293975,84.5405104099477,91.502015137188
"176",157.707707707708,87.9266486684285,84.5234025391707,91.4669229327159
"177",157.751751751752,87.9008912551001,84.5062800885824,91.4318637069538
"178",157.795795795796,87.8751413872013,84.4891429439668,91.3968375669508
"179",157.83983983984,87.8493990625219,84.4719909903689,91.3618446204984
"180",157.883883883884,87.8236642788519,84.4548241120923,91.3268849761318
"181",157.927927927928,87.7979370339825,84.437642192698,91.2919587431323
"182",157.971971971972,87.772217325705,84.4204451150024,91.2570660315285
"183",158.016016016016,87.7465051518118,84.4032327610758,91.2222069520979
"184",158.06006006006,87.7208005100958,84.3860050122414,91.1873816163683
"185",158.104104104104,87.6951033983503,84.3687617490734,91.1525901366191
"186",158.148148148148,87.6694138143696,84.3515028513962,91.1178326258827
"187",158.192192192192,87.6437317559485,84.334228198283,91.0831091979455
"188",158.236236236236,87.6180572208824,84.3169376680546,91.0484199673491
"189",158.28028028028,87.5923902069675,84.2996311382794,91.0137650493906
"190",158.324324324324,87.5667307120004,84.2823084857714,90.9791445601243
"191",158.368368368368,87.5410787337785,84.2649695865902,90.9445586163619
"192",158.412412412412,87.5154342700999,84.2476143160405,90.9100073356728
"193",158.456456456456,87.4897973187632,84.2302425486712,90.8754908363852
"194",158.5005005005,87.4641678775678,84.2128541582754,90.8410092375858
"195",158.544544544545,87.4385459443136,84.1954490178903,90.8065626591206
"196",158.588588588589,87.4129315168013,84.1780269997967,90.7721512215943
"197",158.632632632633,87.387324592832,84.1605879755196,90.7377750463706
"198",158.676676676677,87.3617251702077,84.1431318158281,90.7034342555722
"199",158.720720720721,87.336133246731,84.1256583907357,90.66912897208
"200",158.764764764765,87.3105488202049,84.108167569501,90.6348593195325
"201",158.808808808809,87.2849718884334,84.0906592206283,90.6006254223261
"202",158.852852852853,87.2594024492209,84.0731332118682,90.5664274056131
"203",158.896896896897,87.2338405003726,84.055589410219,90.5322653953015
"204",158.940940940941,87.2082860396941,84.0380276819274,90.4981395180534
"205",158.984984984985,87.1827390649918,84.0204478924897,90.4640499012844
"206",159.029029029029,87.1571995740729,84.002849906654,90.4299966731612
"207",159.073073073073,87.131667564745,83.9852335884206,90.3959799626011
"208",159.117117117117,87.1061430348164,83.9675988010451,90.361999899269
"209",159.161161161161,87.0806259820962,83.9499454070394,90.3280566135766
"210",159.205205205205,87.0551164043938,83.9322732681745,90.2941502366791
"211",159.249249249249,87.0296142995196,83.9145822454822,90.2602809004739
"212",159.293293293293,87.0041196652844,83.8968721992584,90.2264487375973
"213",159.337337337337,86.9786324994999,83.8791429890651,90.1926538814221
"214",159.381381381381,86.9531527999781,83.861394473734,90.1588964660546
"215",159.425425425425,86.927680564532,83.8436265113689,90.1251766263317
"216",159.469469469469,86.9022157909748,83.8258389593497,90.0914944978171
"217",159.513513513514,86.8767584771208,83.8080316743358,90.0578502167979
"218",159.557557557558,86.8513086207847,83.7902045122696,90.0242439202811
"219",159.601601601602,86.8258662197819,83.7723573283807,89.9906757459894
"220",159.645645645646,86.8004312719284,83.7544899771901,89.9571458323568
"221",159.68968968969,86.7750037750408,83.7366023125148,89.9236543185245
"222",159.733733733734,86.7495837269364,83.7186941874719,89.8902013443361
"223",159.777777777778,86.7241711254332,83.7007654544844,89.8567870503324
"224",159.821821821822,86.6987659683498,83.6828159652857,89.8234115777467
"225",159.865865865866,86.6733682535054,83.664845570925,89.7900750684993
"226",159.90990990991,86.6479779787198,83.6468541217735,89.7567776651912
"227",159.953953953954,86.6225951418135,83.6288414675299,89.7235195110991
"228",159.997997997998,86.5972197406077,83.6108074572264,89.6903007501687
"229",160.042042042042,86.571851772924,83.5927519392358,89.6571215270085
"230",160.086086086086,86.5464912365851,83.5746747612774,89.6239819868826
"231",160.13013013013,86.5211381294138,83.5565757704246,89.5908822757046
"232",160.174174174174,86.4957924492339,83.5384548131119,89.5578225400294
"233",160.218218218218,86.4704541938696,83.5203117351426,89.5248029270463
"234",160.262262262262,86.4451233611461,83.5021463816961,89.4918235845709
"235",160.306306306306,86.4197999488887,83.483958597337,89.4588846610368
"236",160.35035035035,86.3944839549239,83.4657482260226,89.4259863054879
"237",160.394394394394,86.3691753770783,83.4475151111119,89.3931286675688
"238",160.438438438438,86.3438742131798,83.4292590953749,89.3603118975164
"239",160.482482482482,86.318580461056,83.4109800210014,89.32753614615
"240",160.526526526527,86.2932941185362,83.3926777296113,89.2948015648627
"241",160.570570570571,86.2680151834495,83.3743520622641,89.2621083056101
"242",160.614614614615,86.2427436536261,83.356002859469,89.2294565209007
"243",160.658658658659,86.2174795268966,83.3376299611961,89.1968463637856
"244",160.702702702703,86.1922228010923,83.3192332068869,89.1642779878472
"245",160.746746746747,86.1669734740452,83.3008124354657,89.1317515471878
"246",160.790790790791,86.141731543588,83.2823674853511,89.0992671964182
"247",160.834834834835,86.1164970075538,83.2638981944682,89.0668250906455
"248",160.878878878879,86.0912698637765,83.2454044002607,89.0344253854616
"249",160.922922922923,86.0660501100905,83.2268859397034,89.0020682369293
"250",160.966966966967,86.0408377443311,83.2083426493156,88.9697538015704
"251",161.011011011011,86.015632764334,83.1897743651739,88.9374822363518
"252",161.055055055055,85.9904351679356,83.1711809229268,88.9052536986717
"253",161.099099099099,85.9652449529729,83.1525621578076,88.8730683463461
"254",161.143143143143,85.9400621172835,83.1339179046497,88.8409263375937
"255",161.187187187187,85.9148866587059,83.1152479979015,88.8088278310213
"256",161.231231231231,85.8897185750789,83.0965522716408,88.776772985609
"257",161.275275275275,85.864557864242,83.077830559591,88.744761960694
"258",161.319319319319,85.8394045240356,83.059082695137,88.7127949159549
"259",161.363363363363,85.8142585523004,83.0403085113413,88.6808720113956
"260",161.407407407407,85.7891199468779,83.0215078409609,88.6489934073283
"261",161.451451451451,85.7639887056101,83.0026805164644,88.6171592643564
"262",161.495495495496,85.7388648263399,82.9838263700492,88.5853697433574
"263",161.53953953954,85.7137483069105,82.9649452336601,88.5536250054642
"264",161.583583583584,85.688639145166,82.9460369390066,88.5219252120477
"265",161.627627627628,85.663537338951,82.9271013175825,88.4902705246974
"266",161.671671671672,85.6384428861108,82.9081382006843,88.4586611052028
"267",161.715715715716,85.6133557844912,82.8891474194315,88.4270971155338
"268",161.75975975976,85.5882760319387,82.8701288047852,88.3955787178207
"269",161.803803803804,85.5632036263005,82.8510821875699,88.3641060743337
"270",161.847847847848,85.5381385654245,82.832007398493,88.3326793474629
"271",161.891891891892,85.5130808471589,82.8129042681664,88.3012986996964
"272",161.935935935936,85.4880304693528,82.7937726271282,88.2699642935994
"273",161.97997997998,85.462987429856,82.7746123058642,88.2386762917918
"274",162.024024024024,85.4379517265186,82.7554231348305,88.2074348569262
"275",162.068068068068,85.4129233571917,82.7362049444762,88.176240151665
"276",162.112112112112,85.3879023197269,82.7169575652662,88.1450923386577
"277",162.156156156156,85.3628886119761,82.6976808277052,88.1139915805162
"278",162.2002002002,85.3378822317924,82.6783745623618,88.0829380397925
"279",162.244244244244,85.3128831770291,82.6590385998918,88.051931878953
"280",162.288288288288,85.2878914455404,82.6396727710643,88.0209732603543
"281",162.332332332332,85.2629070351808,82.6202769067861,87.9900623462179
"282",162.376376376376,85.2379299438059,82.6008508381272,87.9591992986048
"283",162.42042042042,85.2129601692715,82.5813943963472,87.9283842793895
"284",162.464464464464,85.1879977094341,82.5619074129215,87.8976174502333
"285",162.508508508508,85.1630425621511,82.5423897195676,87.8668989725581
"286",162.552552552553,85.1380947252803,82.5228411482731,87.8362290075188
"287",162.596596596597,85.1131541966802,82.5032615313223,87.805607715976
"288",162.640640640641,85.0882209742098,82.4836507013248,87.7750352584681
"289",162.684684684685,85.0632950557289,82.4640084912436,87.7445117951829
"290",162.728728728729,85.0383764390978,82.4443347344237,87.7140374859288
"291",162.772772772773,85.0134651221775,82.4246292646209,87.6836124901062
"292",162.816816816817,84.9885611028296,82.4048919160318,87.6532369666778
"293",162.860860860861,84.9636643789164,82.385122523323,87.6229110741387
"294",162.904904904905,84.9387749483007,82.3653209216618,87.5926349704863
"295",162.948948948949,84.9138928088461,82.3454869467458,87.5624088131905
"296",162.992992992993,84.8890179584165,82.3256204348348,87.5322327591617
"297",163.037037037037,84.8641503948768,82.305721222781,87.5021069647207
"298",163.081081081081,84.8392901160923,82.2857891480611,87.4720315855666
"299",163.125125125125,84.814437119929,82.2658240488077,87.4420067767454
"300",163.169169169169,84.7895914042535,82.245825763842,87.4120326926173
"301",163.213213213213,84.7647529669331,82.2257941327055,87.3821094868249
"302",163.257257257257,84.7399218058356,82.2057289956931,87.3522373122602
"303",163.301301301301,84.7150979188296,82.1856301938864,87.3224163210315
"304",163.345345345345,84.690281303784,82.1654975691863,87.29264666443
"305",163.389389389389,84.6654719585687,82.1453309643473,87.2629284928968
"306",163.433433433433,84.640669881054,82.125130223011,87.2332619559883
"307",163.477477477477,84.615875069111,82.10489518974,87.2036472023425
"308",163.521521521522,84.5910875206111,82.0846257100525,87.1740843796449
"309",163.565565565566,84.5663072334267,82.0643216304569,87.1445736345935
"310",163.60960960961,84.5415342054306,82.0439827984863,87.1151151128642
"311",163.653653653654,84.5167684344962,82.0236090627338,87.085708959076
"312",163.697697697698,84.4920099184978,82.0032002728874,87.0563553167553
"313",163.741741741742,84.46725865531,81.9827562797656,87.0270543283012
"314",163.785785785786,84.4425146428081,81.9622769353528,86.9978061349496
"315",163.82982982983,84.4177778788681,81.9417620928345,86.9686108767373
"316",163.873873873874,84.3930483613667,81.9212116066347,86.939468692467
"317",163.917917917918,84.368326088181,81.9006253324497,86.9103797196701
"318",163.961961961962,84.3436110571888,81.8800031272857,86.8813440945721
"319",164.006006006006,84.3189032662687,81.8593448494946,86.8523619520547
"320",164.05005005005,84.2942027132996,81.83865035881,86.8234334256214
"321",164.094094094094,84.2695093961614,81.8179195163837,86.7945586473598
"322",164.138138138138,84.2448233127342,81.7971521848222,86.7657377479056
"323",164.182182182182,84.2201444608991,81.7763482282227,86.7369708564067
"324",164.226226226226,84.1954728385377,81.7555075122102,86.708258100486
"325",164.27027027027,84.170808443532,81.734629903973,86.6795996062054
"326",164.314314314314,84.146151273765,81.7137152723004,86.6509954980292
"327",164.358358358358,84.12150132712,81.6927634876177,86.622445898788
"328",164.402402402402,84.096858601481,81.6717744220236,86.5939509296419
"329",164.446446446446,84.0722230947328,81.650747949326,86.5655107100446
"330",164.49049049049,84.0475948047606,81.6296839450782,86.537125357707
"331",164.534534534535,84.0229737294504,81.6085822866154,86.5087949885609
"332",164.578578578579,83.9983598666886,81.58744285309,86.4805197167238
"333",164.622622622623,83.9737532143624,81.5662655255083,86.4522996544618
"334",164.666666666667,83.9491537703595,81.5450501867653,86.4241349121552
"335",164.710710710711,83.9245615325684,81.5237967216809,86.3960255982621
"336",164.754754754755,83.899976498878,81.5025050170349,86.3679718192834
"337",164.798798798799,83.8753986671779,81.4811749616021,86.3399736797279
"338",164.842842842843,83.8508280353584,81.4598064461874,86.3120312820768
"339",164.886886886887,83.8262646013103,81.4383993636599,86.28414472675
"340",164.930930930931,83.8017083629252,81.416953608988,86.2563141120708
"341",164.974974974975,83.777159318095,81.3954690792729,86.2285395342324
"342",165.019019019019,83.7526174647125,81.3739456737824,86.2008210872641
"343",165.063063063063,83.728082800671,81.3523832939843,86.1731588629981
"344",165.107107107107,83.7035553238645,81.33078184358,86.1455529510356
"345",165.151151151151,83.6790350321875,81.3091412285361,86.1180034387152
"346",165.195195195195,83.6545219235351,81.2874613571179,86.09051041108
"347",165.239239239239,83.6300159958033,81.2657421399202,86.0630739508457
"348",165.283283283283,83.6055172468883,81.2439834898997,86.0356941383693
"349",165.327327327327,83.5810256746872,81.222185322405,86.0083710516184
"350",165.371371371371,83.5565412770977,81.2003475552081,85.98110476614
"351",165.415415415415,83.5320640520179,81.1784701085338,85.953895355031
"352",165.459459459459,83.5075939973469,81.1565529050894,85.9267428889086
"353",165.503503503504,83.4831311109839,81.1345958700935,85.8996474358811
"354",165.547547547548,83.4586753908293,81.1125989313051,85.8726090615198
"355",165.591591591592,83.4342268347836,81.0905620190505,85.8456278288307
"356",165.635635635636,83.4097854407482,81.0684850662512,85.8187037982276
"357",165.67967967968,83.385351206625,81.0463680084504,85.7918370275053
"358",165.723723723724,83.3609241303166,81.0242107838393,85.7650275718135
"359",165.767767767768,83.3365042097263,81.0020133332823,85.7382754836312
"360",165.811811811812,83.3120914427577,80.9797756003413,85.7115808127426
"361",165.855855855856,83.2876858273152,80.9574975313007,85.6849436062122
"362",165.8998998999,83.263287361304,80.9351790751901,85.658363908362
"363",165.943943943944,83.2388960426296,80.912820183807,85.6318417607489
"364",165.987987987988,83.2145118691982,80.8904208117392,85.605377202142
"365",166.032032032032,83.1901348389168,80.8679809163853,85.5789702685023
"366",166.076076076076,83.1657649496927,80.8455004579759,85.5526209929619
"367",166.12012012012,83.1414021994342,80.8229793995925,85.5263294058043
"368",166.164164164164,83.1170465860498,80.8004177071868,85.5000955344454
"369",166.208208208208,83.0926981074489,80.7778153495989,85.473919403416
"370",166.252252252252,83.0683567615414,80.755172298574,85.447801034344
"371",166.296296296296,83.0440225462378,80.7324885287793,85.4217404459381
"372",166.34034034034,83.0196954594494,80.7097640178193,85.3957376539724
"373",166.384384384384,82.9953754990878,80.6869987462507,85.3697926712716
"374",166.428428428428,82.9710626630654,80.664192697596,85.3439055076972
"375",166.472472472472,82.9467569492951,80.6413458583569,85.3180761701343
"376",166.516516516517,82.9224583556907,80.6184582180257,85.29230466248
"377",166.560560560561,82.8981668801663,80.595529769097,85.2665909856318
"378",166.604604604605,82.8738825206367,80.5725605070779,85.2409351374773
"379",166.648648648649,82.8496052750173,80.5495504304972,85.2153371128854
"380",166.692692692693,82.8253351412242,80.5264995409137,85.1897969036972
"381",166.736736736737,82.801072117174,80.5034078429243,85.164314498719
"382",166.780780780781,82.776816200784,80.4802753441698,85.1388898837155
"383",166.824824824825,82.752567389972,80.4571020553408,85.1135230414042
"384",166.868868868869,82.7283256826566,80.4338879901825,85.088213951451
"385",166.912912912913,82.7040910767567,80.4106331654982,85.0629625904661
"386",166.956956956957,82.6798635701922,80.3873376011523,85.0377689320016
"387",167.001001001001,82.6556431608833,80.3640013200716,85.0126329465497
"388",167.045045045045,82.6314298467508,80.3406243482464,84.9875546015412
"389",167.089089089089,82.6072236257165,80.3172067147307,84.9625338613472
"390",167.133133133133,82.5830244957023,80.2937484516403,84.9375706872787
"391",167.177177177177,82.5588324546311,80.2702495941513,84.9126650375892
"392",167.221221221221,82.5346475004261,80.2467101804967,84.8878168674782
"393",167.265265265265,82.5104696310114,80.2231302519627,84.8630261290944
"394",167.309309309309,82.4862988443114,80.1995098528832,84.8382927715417
"395",167.353353353353,82.4621351382515,80.1758490306345,84.8136167408844
"396",167.397397397397,82.4379785107572,80.1521478356278,84.7889979801543
"397",167.441441441441,82.4138289597552,80.1284063213014,84.7644364293588
"398",167.485485485485,82.3896864831723,80.1046245441122,84.7399320254894
"399",167.52952952953,82.3655510789361,80.0808025635256,84.715484702532
"400",167.573573573574,82.3414227449749,80.0569404420047,84.691094391477
"401",167.617617617618,82.3173014792175,80.0330382449992,84.6667610203313
"402",167.661661661662,82.2931872795933,80.0090960409322,84.6424845141309
"403",167.705705705706,82.2690801440323,79.9851139011866,84.6182647949547
"404",167.74974974975,82.2449800704652,79.9610919000915,84.5941017819379
"405",167.793793793794,82.2208870568233,79.937030114906,84.5699953912884
"406",167.837837837838,82.1968011010383,79.9129286258035,84.545945536303
"407",167.881881881882,82.1727222010427,79.8887875158545,84.5219521273832
"408",167.925925925926,82.1486503547697,79.8646068710081,84.4980150720551
"409",167.96996996997,82.1245855601528,79.8403867800744,84.4741342749864
"410",168.014014014014,82.1005278151263,79.8161273347034,84.4503096380075
"411",168.058058058058,82.0764771176252,79.7918286293654,84.426541060131
"412",168.102102102102,82.0524334655849,79.7674907613294,84.4028284375737
"413",168.146146146146,82.0283968569414,79.743113830641,84.3791716637784
"414",168.19019019019,82.0043672896315,79.7186979400994,84.3555706294368
"415",168.234234234234,81.9803447615925,79.6942431952337,84.3320252225136
"416",168.278278278278,81.9563292707623,79.6697497042785,84.3085353282703
"417",168.322322322322,81.9323208150794,79.6452175781486,84.2851008292912
"418",168.366366366366,81.9083193924829,79.6206469304132,84.2617216055088
"419",168.41041041041,81.8843250009124,79.5960378772689,84.2383975342306
"420",168.454454454454,81.8603376383084,79.5713905375127,84.2151284901665
"421",168.498498498498,81.8363573026118,79.5467050325139,84.1919143454569
"422",168.542542542543,81.812383991764,79.5219814861852,84.1687549697012
"423",168.586586586587,81.7884177037072,79.4972200249535,84.1456502299872
"424",168.630630630631,81.7644584363841,79.4724207777301,84.1225999909214
"425",168.674674674675,81.7405061877381,79.4475838758796,84.0996041146591
"426",168.718718718719,81.716560955713,79.4227094531894,84.0766624609356
"427",168.762762762763,81.6926227382536,79.3977976458375,84.0537748870985
"428",168.806806806807,81.6686915333047,79.3728485923605,84.030941248139
"429",168.850850850851,81.6447673388123,79.3478624336207,84.0081613967256
"430",168.894894894895,81.6208501527226,79.3228393127727,83.985435183237
"431",168.938938938939,81.5969399729826,79.2977793752298,83.9627624557958
"432",168.982982982983,81.5730367975398,79.2726827686296,83.940143060303
"433",169.027027027027,81.5491406243424,79.2475496427994,83.9175768404725
"434",169.071071071071,81.5252514513392,79.222380149721,83.8950636378663
"435",169.115115115115,81.5013692764794,79.1971744434952,83.8726032919302
"436",169.159159159159,81.4774940977131,79.1719326803057,83.8501956400294
"437",169.203203203203,81.4536259129907,79.1466550183833,83.8278405174849
"438",169.247247247247,81.4297647202635,79.1213416179689,83.8055377576102
"439",169.291291291291,81.4059105174831,79.0959926412764,83.7832871917483
"440",169.335335335335,81.382063302602,79.070608252456,83.7610886493086
"441",169.379379379379,81.3582230735731,79.045188617556,83.7389419578051
"442",169.423423423423,81.3343898283499,79.0197339044858,83.7168469428932
"443",169.467467467467,81.3105635648865,78.9942442829772,83.6948034284085
"444",169.511511511512,81.2867442811378,78.9687199245465,83.6728112364048
"445",169.555555555556,81.2629319750591,78.9431610024562,83.6508701871924
"446",169.5995995996,81.2391266446063,78.9175676916757,83.628980099377
"447",169.643643643644,81.215328287736,78.8919401688437,83.6071407898981
"448",169.687687687688,81.1915369024053,78.8662786122281,83.5853520740682
"449",169.731731731732,81.167752486572,78.8405832016878,83.5636137656116
"450",169.775775775776,81.1439750381943,78.8148541186331,83.5419256767038
"451",169.81981981982,81.1202045552313,78.789091545987,83.5202876180102
"452",169.863863863864,81.0964410356425,78.7632956681453,83.4986993987259
"453",169.907907907908,81.0726844773879,78.737466670938,83.4771608266147
"454",169.951951951952,81.0489348784285,78.7116047415894,83.4556717080482
"455",169.995995995996,81.0251922367254,78.6857100686793,83.4342318480458
"456",170.04004004004,81.0014565502405,78.6597828421033,83.4128410503131
"457",170.084084084084,80.9777278169366,78.6338232530337,83.3914991172819
"458",170.128128128128,80.9540060347765,78.6078314938804,83.370205850149
"459",170.172172172172,80.9302912017241,78.5818077582516,83.3489610489154
"460",170.216216216216,80.9065833157437,78.5557522409149,83.3277645124253
"461",170.26026026026,80.8828823748002,78.5296651377581,83.3066160384054
"462",170.304304304304,80.8591883768591,78.5035466457506,83.2855154235035
"463",170.348348348348,80.8355013198866,78.4773969629048,83.2644624633268
"464",170.392392392392,80.8118212018491,78.4512162882369,83.2434569524809
"465",170.436436436436,80.7881480207141,78.4250048217298,83.2224986846084
"466",170.48048048048,80.7644817744496,78.3987627642934,83.2015874524266
"467",170.524524524525,80.7408224610239,78.3724903177277,83.1807230477655
"468",170.568568568569,80.7171700784062,78.3461876846845,83.1599052616058
"469",170.612612612613,80.693524624566,78.3198550686299,83.1391338841168
"470",170.656656656657,80.6698860974738,78.2934926738073,83.1184087046929
"471",170.700700700701,80.6462544951003,78.2671007051997,83.0977295119915
"472",170.744744744745,80.622629815417,78.2406793684936,83.0770960939691
"473",170.788788788789,80.599012056396,78.2142288700416,83.0565082379186
"474",170.832832832833,80.5754012160098,78.1877494168271,83.0359657305049
"475",170.876876876877,80.5517972922319,78.1612412164277,83.0154683578012
"476",170.920920920921,80.5282002830359,78.1347044769793,82.9950159053247
"477",170.964964964965,80.5046101863963,78.1081394071419,82.9746081580715
"478",171.009009009009,80.4810270002882,78.0815462160632,82.9542449005525
"479",171.053053053053,80.4574507226871,78.054925113345,82.9339259168269
"480",171.097097097097,80.4338813515693,78.0282763090083,82.9136509905373
"481",171.141141141141,80.4103188849115,78.0016000134594,82.8934199049438
"482",171.185185185185,80.3867633206912,77.9748964374566,82.8732324429568
"483",171.229229229229,80.3632146568863,77.9481657920767,82.853088387171
"484",171.273273273273,80.3396728914755,77.9214082886821,82.8329875198979
"485",171.317317317317,80.3161380224378,77.8946241388887,82.8129296231983
"486",171.361361361361,80.292610047753,77.8678135545334,82.7929144789144
"487",171.405405405405,80.2690889654016,77.8409767476427,82.7729418687013
"488",171.449449449449,80.2455747733644,77.8141139304015,82.7530115740585
"489",171.493493493494,80.222067469623,77.787225315122,82.7331233763607
"490",171.537537537538,80.1985670521596,77.7603111142135,82.7132770568878
"491",171.581581581582,80.1750735189567,77.7333715401522,82.6934723968558
"492",171.625625625626,80.1515868679978,77.706406805452,82.6737091774453
"493",171.66966966967,80.1281070972667,77.679417122635,82.6539871798314
"494",171.713713713714,80.104634204748,77.6524027042029,82.634306185212
"495",171.757757757758,80.0811681884267,77.6253637626088,82.6146659748363
"496",171.801801801802,80.0577090462885,77.5983005102292,82.5950663300325
"497",171.845845845846,80.0342567763196,77.5712131593371,82.5755070322353
"498",171.88988988989,80.010811376507,77.5441019220745,82.5559878630123
"499",171.933933933934,79.987372844838,77.5169670104263,82.5365086040914
"500",171.977977977978,79.9639411793006,77.4898086361942,82.5170690373858
"501",172.022022022022,79.9405163778837,77.462627010971,82.4976689450205
"502",172.066066066066,79.9170984385761,77.4354223461155,82.4783081093565
"503",172.11011011011,79.893687359368,77.4081948527286,82.4589863130162
"504",172.154154154154,79.8702831382495,77.3809447416276,82.4397033389071
"505",172.198198198198,79.8468857732117,77.3536722233238,82.4204589702459
"506",172.242242242242,79.8234952622461,77.3263775079989,82.4012529905814
"507",172.286286286286,79.8001116033449,77.2990608054818,82.3820851838176
"508",172.33033033033,79.7767347945009,77.2717223252266,82.3629553342359
"509",172.374374374374,79.7533648337073,77.2443622762907,82.343863226517
"510",172.418418418418,79.7300017189581,77.2169808673131,82.3248086457626
"511",172.462462462462,79.7066454482478,77.1895783064935,82.3057913775159
"512",172.506506506506,79.6832960195715,77.1621548015722,82.2868112077825
"513",172.550550550551,79.6599534309249,77.1347105598093,82.2678679230504
"514",172.594594594595,79.6366176803042,77.1072457879658,82.2489613103096
"515",172.638638638639,79.6132887657062,77.0797606922837,82.2300911570713
"516",172.682682682683,79.5899666851286,77.0522554784677,82.2112572513866
"517",172.726726726727,79.5666514365691,77.0247303516672,82.1924593818647
"518",172.770770770771,79.5433430180266,76.9971855164576,82.173697337691
"519",172.814814814815,79.5200414275001,76.9696211768238,82.1549709086443
"520",172.858858858859,79.4967466629895,76.9420375361426,82.1362798851137
"521",172.902902902903,79.4734587224951,76.9144347971664,82.1176240581153
"522",172.946946946947,79.4501776040179,76.8868131620072,82.0990032193083
"523",172.990990990991,79.4269033055595,76.8591728321208,82.0804171610107
"524",173.035035035035,79.4036358251219,76.8315140082913,82.0618656762143
"525",173.079079079079,79.3803751607079,76.803836890617,82.0433485585997
"526",173.123123123123,79.3571213103207,76.7761416784949,82.024865602551
"527",173.167167167167,79.3338742719644,76.748428570608,82.0064166031692
"528",173.211211211211,79.3106340436432,76.7206977649102,81.9880013562865
"529",173.255255255255,79.2874006233624,76.6929494586146,81.9696196584787
"530",173.299299299299,79.2641740091275,76.6651838481796,81.9512713070788
"531",173.343343343343,79.2409541989448,76.6374011292971,81.9329561001888
"532",173.387387387387,79.217741190821,76.6096014968802,81.914673836692
"533",173.431431431431,79.1945349827635,76.5817851450517,81.8964243162645
"534",173.475475475475,79.1713355727804,76.5539522671328,81.8782073393865
"535",173.51951951952,79.1481429588802,76.5261030556324,81.8600227073533
"536",173.563563563564,79.124957139072,76.4982377022365,81.8418702222855
"537",173.607607607608,79.1017781113655,76.4703563977977,81.8237496871389
"538",173.651651651652,79.0786058737711,76.4424593323264,81.8056609057152
"539",173.695695695696,79.0554404242997,76.4145466949804,81.7876036826707
"540",173.73973973974,79.0322817609626,76.3866186740563,81.769577823525
"541",173.783783783784,79.009129881772,76.3586754569812,81.7515831346706
"542",173.827827827828,78.9859847847406,76.3307172303031,81.7336194233806
"543",173.871871871872,78.9628464678815,76.3027441796844,81.715686497817
"544",173.915915915916,78.9397149292085,76.2747564898933,81.6977841670383
"545",173.95995995996,78.916590166736,76.2467543447966,81.6799122410067
"546",174.004004004004,78.8934721784791,76.2187379273528,81.6620705305954
"547",174.048048048048,78.8703609624531,76.1907074196054,81.6442588475951
"548",174.092092092092,78.8472565166743,76.1626630026761,81.6264770047208
"549",174.136136136136,78.8241588391595,76.1346048567595,81.6087248156172
"550",174.18018018018,78.8010679279257,76.1065331611164,81.591002094865
"551",174.224224224224,78.777983780991,76.0784480940691,81.5733086579863
"552",174.268268268268,78.7549063963738,76.0503498329953,81.5556443214498
"553",174.312312312312,78.7318357720931,76.0222385543245,81.5380089026756
"554",174.356356356356,78.7087719061685,75.994114433532,81.5204022200399
"555",174.4004004004,78.6857147966203,75.9659776451352,81.5028240928795
"556",174.444444444444,78.6626644414692,75.9378283626898,81.4852743414955
"557",174.488488488488,78.6396208387365,75.9096667587852,81.4677527871577
"558",174.532532532533,78.6165839864442,75.8814930050418,81.4502592521075
"559",174.576576576577,78.5935538826148,75.8533072721068,81.4327935595617
"560",174.620620620621,78.5705305252714,75.825109729652,81.4153555337153
"561",174.664664664665,78.5475139124376,75.7969005463706,81.3979449997446
"562",174.708708708709,78.5245040421378,75.7686798899744,81.380561783809
"563",174.752752752753,78.5015009123967,75.7404479271921,81.3632057130544
"564",174.796796796797,78.4785045212397,75.7122048237665,81.3458766156145
"565",174.840840840841,78.4555148666929,75.6839507444533,81.3285743206128
"566",174.884884884885,78.4325319467828,75.6556858530188,81.3112986581647
"567",174.928928928929,78.4095557595365,75.6274103122391,81.2940494593783
"568",174.972972972973,78.3865863029817,75.5991242838983,81.276826556356
"569",175.017017017017,78.3636235751468,75.5708279287881,81.2596297821953
"570",175.061061061061,78.3406675740606,75.5425214067063,81.2424589709901
"571",175.105105105105,78.3177182977527,75.514204876457,81.2253139578303
"572",175.149149149149,78.2947757442529,75.4858784958494,81.2081945788034
"573",175.193193193193,78.2718399115919,75.4575424216979,81.191100670994
"574",175.237237237237,78.248910797801,75.4291968098223,81.1740320724839
"575",175.281281281281,78.2259884009118,75.4008418150476,81.156988622352
"576",175.325325325325,78.2030727189567,75.3724775912045,81.1399701606744
"577",175.369369369369,78.1801637499686,75.3441042911296,81.1229765285231
"578",175.413413413413,78.157261491981,75.3157220666664,81.1060075679662
"579",175.457457457457,78.134365943028,75.2873310686662,81.0890631220668
"580",175.501501501502,78.1114771011442,75.2589314469883,81.0721430348814
"581",175.545545545546,78.0885949643648,75.2305233505022,81.0552471514596
"582",175.58958958959,78.0657195307256,75.2021069270881,81.0383753178428
"583",175.633633633634,78.042850798263,75.1736823236386,81.0215273810619
"584",175.677677677678,78.0199887650139,75.1452496860603,81.0047031891369
"585",175.721721721722,77.9971334290159,75.1168091592754,80.9879025910742
"586",175.765765765766,77.974284788307,75.0883608872235,80.9711254368655
"587",175.80980980981,77.951442840926,75.0599050128639,80.9543715774854
"588",175.853853853854,77.9286075849119,75.0314416781772,80.9376408648892
"589",175.897897897898,77.9057790183048,75.002971024168,80.9209331520113
"590",175.941941941942,77.8829571391449,74.9744931908666,80.9042482927622
"591",175.985985985986,77.8601419454732,74.9460083173323,80.8875861420264
"592",176.03003003003,77.8373334353313,74.9175165416553,80.8709465556596
"593",176.074074074074,77.8145316067613,74.8890180009598,80.8543293904862
"594",176.118118118118,77.7917364578059,74.8605128314064,80.8377345042967
"595",176.162162162162,77.7689479865082,74.8320011681952,80.8211617558442
"596",176.206206206206,77.7461661909123,74.8034831455688,80.8046110048421
"597",176.25025025025,77.7233910690624,74.7749588968155,80.7880821119605
"598",176.294294294294,77.7006226190035,74.7464285542722,80.7715749388233
"599",176.338338338338,77.6778608387812,74.7178922493276,80.755089348005
"600",176.382382382382,77.6551057264417,74.689350112426,80.7386252030272
"601",176.426426426426,77.6323572800316,74.6608022730704,80.7221823683549
"602",176.47047047047,77.6096154975981,74.6322488598259,80.7057607093936
"603",176.514514514515,77.5868803771892,74.6036900003239,80.6893600924851
"604",176.558558558559,77.5641519168532,74.5751258212649,80.6729803849045
"605",176.602602602603,77.5414301146392,74.5465564484228,80.6566214548557
"606",176.646646646647,77.5187149685966,74.5179820066489,80.640283171468
"607",176.690690690691,77.4960064767757,74.4894026198749,80.6239654047925
"608",176.734734734735,77.473304637227,74.460818411118,80.6076680257973
"609",176.778778778779,77.4506094480019,74.432229502484,80.5913909063645
"610",176.822822822823,77.4279209071522,74.4036360151716,80.5751339192854
"611",176.866866866867,77.4052390127304,74.3750380694769,80.5588969382568
"612",176.910910910911,77.3825637627894,74.346435784797,80.5426798378768
"613",176.954954954955,77.3598951553827,74.3178292796345,80.5264824936399
"614",176.998998998999,77.3372331885645,74.2892186716019,80.510304781934
"615",177.043043043043,77.3145778603896,74.2606040774258,80.4941465800348
"616",177.087087087087,77.2919291689129,74.2319856129509,80.4780077661023
"617",177.131131131131,77.2692871121907,74.2033633931454,80.461888219176
"618",177.175175175175,77.2466516882791,74.1747375321042,80.4457878191704
"619",177.219219219219,77.2240228952351,74.1461081430542,80.4297064468709
"620",177.263263263263,77.2014007311163,74.1174753383589,80.4136439839286
"621",177.307307307307,77.1787851939808,74.0888392295224,80.3976003128565
"622",177.351351351351,77.1561762818872,74.0601999271942,80.3815753170246
"623",177.395395395395,77.1335739928949,74.0315575411741,80.3655688806548
"624",177.439439439439,77.1109783250636,74.0029121804168,80.3495808888171
"625",177.483483483483,77.0883892764537,73.9742639530361,80.3336112274243
"626",177.527527527528,77.0658068451262,73.94561296631,80.3176597832274
"627",177.571571571572,77.0432310291426,73.9169593266858,80.3017264438112
"628",177.615615615616,77.0206618265649,73.8883031397838,80.285811097589
"629",177.65965965966,76.9980992354559,73.8596445104033,80.2699136337983
"630",177.703703703704,76.9755432538787,73.8309835425264,80.2540339424957
"631",177.747747747748,76.9529938798972,73.8023203393233,80.2381719145524
"632",177.791791791792,76.9304511115756,73.7736550031573,80.222327441649
"633",177.835835835836,76.907914946979,73.744987635589,80.2065004162708
"634",177.87987987988,76.8853853841728,73.7163183373819,80.1906907317033
"635",177.923923923924,76.8628624212231,73.6876472085065,80.1748982820266
"636",177.967967967968,76.8403460561965,73.6589743481459,80.1591229621113
"637",178.012012012012,76.8178362871601,73.6302998547003,80.1433646676129
"638",178.056056056056,76.7953331121818,73.6016238257919,80.1276232949676
"639",178.1001001001,76.7728365293299,73.57294635827,80.1118987413869
"640",178.144144144144,76.7503465366732,73.5442675482153,80.0961909048528
"641",178.188188188188,76.7278631322813,73.515587490946,80.080499684113
"642",178.232232232232,76.705386314224,73.4869062810215,80.0648249786759
"643",178.276276276276,76.6829160805721,73.4582240122479,80.0491666888057
"644",178.32032032032,76.6604524293967,73.4295407776829,80.0335247155176
"645",178.364364364364,76.6379953587694,73.4008566696404,80.0178989605727
"646",178.408408408408,76.6155448667626,73.3721717796959,80.0022893264731
"647",178.452452452452,76.5931009514491,73.3434861986911,79.9866957164571
"648",178.496496496496,76.5706636109023,73.3148000167387,79.9711180344944
"649",178.540540540541,76.5482328431963,73.2861133232278,79.9555561852808
"650",178.584584584585,76.5258086464055,73.2574262068282,79.9400100742336
"651",178.628628628629,76.5033910186049,73.2287387554954,79.9244796074866
"652",178.672672672673,76.4809799578705,73.2000510564762,79.9089646918857
"653",178.716716716717,76.4585754622782,73.1713631963125,79.8934652349828
"654",178.760760760761,76.4361775299049,73.1426752608468,79.8779811450323
"655",178.804804804805,76.4137861588281,73.1139873352272,79.8625123309856
"656",178.848848848849,76.3914013471255,73.0852995039118,79.847058702486
"657",178.892892892893,76.3690230928758,73.0566118506737,79.8316201698644
"658",178.936936936937,76.3466513941578,73.027924458606,79.816196644134
"659",178.980980980981,76.3242862490513,72.9992374101264,79.8007880369861
"660",179.025025025025,76.3019276556364,72.9705507869822,79.7853942607845
"661",179.069069069069,76.2795756119939,72.941864670255,79.7700152285613
"662",179.113113113113,76.257230116205,72.9131791403651,79.7546508540119
"663",179.157157157157,76.2348911663516,72.884494277077,79.7393010514904
"664",179.201201201201,76.2125587605161,72.8558101595037,79.7239657360045
"665",179.245245245245,76.1902328967815,72.8271268661114,79.7086448232111
"666",179.289289289289,76.1679135732314,72.7984444747244,79.6933382294116
"667",179.333333333333,76.1456007879498,72.7697630625295,79.6780458715469
"668",179.377377377377,76.1232945390215,72.7410827060813,79.6627676671929
"669",179.421421421421,76.1009948245316,72.712403481306,79.647503534556
"670",179.465465465465,76.0787016425659,72.6837254635067,79.6322533924682
"671",179.50950950951,76.0564149912108,72.6550487273679,79.6170171603826
"672",179.553553553554,76.0341348685532,72.6263733469598,79.6017947583685
"673",179.597597597598,76.0118612726806,72.5976993957434,79.5865861071075
"674",179.641641641642,75.9895942016809,72.5690269465745,79.5713911278882
"675",179.685685685686,75.9673336536429,72.5403560717087,79.5562097426022
"676",179.72972972973,75.9450796266555,72.5116868428058,79.5410418737388
"677",179.773773773774,75.9228321188087,72.483019330934,79.5258874443817
"678",179.817817817818,75.9005911281925,72.454353606575,79.5107463782034
"679",179.861861861862,75.8783566528978,72.4256897396279,79.4956185994612
"680",179.905905905906,75.8561286910162,72.3970277994138,79.4805040329929
"681",179.94994994995,75.8339072406393,72.3683678546804,79.465402604212
"682",179.993993993994,75.8116922998599,72.3397099736062,79.4503142391036
"683",180.038038038038,75.7894838667709,72.3110542238051,79.4352388642201
"684",180.082082082082,75.767281939466,72.2824006723303,79.4201764066763
"685",180.126126126126,75.7450865160393,72.2537493856791,79.4051267941457
"686",180.17017017017,75.7228975945856,72.2251004297972,79.3900899548559
"687",180.214214214214,75.7007151732003,72.1964538700826,79.3750658175843
"688",180.258258258258,75.6785392499791,72.16780977139,79.360054311654
"689",180.302302302302,75.6563698230184,72.1391681980352,79.3450553669293
"690",180.346346346346,75.6342068904153,72.1105292137994,79.3300689138118
"691",180.39039039039,75.6120504502672,72.0818928819328,79.3150948832361
"692",180.434434434434,75.5899005006723,72.0532592651596,79.3001332066653
"693",180.478478478478,75.5677570397292,72.0246284256814,79.2851838160875
"694",180.522522522523,75.5456200655371,71.9960004251818,79.2702466440111
"695",180.566566566567,75.5234895761958,71.9673753248302,79.255321623461
"696",180.610610610611,75.5013655698055,71.938753185286,79.2404086879748
"697",180.654654654655,75.4792480444671,71.9101340667026,79.225507771598
"698",180.698698698699,75.4571369982822,71.8815180287315,79.2106188088806
"699",180.742742742743,75.4350324293525,71.8529051305261,79.195741734873
"700",180.786786786787,75.4129343357808,71.8242954307458,79.180876485122
"701",180.830830830831,75.3908427156701,71.79568898756,79.1660229956667
"702",180.874874874875,75.368757567124,71.7670858586518,79.1511812030349
"703",180.918918918919,75.3466788882467,71.7384861012222,79.1363510442388
"704",180.962962962963,75.3246066771431,71.7098897719936,79.1215324567717
"705",181.007007007007,75.3025409319183,71.6812969272138,79.1067253786035
"706",181.051051051051,75.2804816506784,71.6527076226601,79.0919297481774
"707",181.095095095095,75.2584288315297,71.6241219136425,79.077145504406
"708",181.139139139139,75.2363824725792,71.595539855008,79.0623725866672
"709",181.183183183183,75.2143425719344,71.566961501144,79.047610934801
"710",181.227227227227,75.1923091277035,71.5383869059822,79.0328604891053
"711",181.271271271271,75.1702821379951,71.509816123002,79.0181211903326
"712",181.315315315315,75.1482616009183,71.4812492052347,79.0033929796863
"713",181.359359359359,75.1262475145829,71.4526862052666,78.9886757988165
"714",181.403403403403,75.1042398770993,71.4241271752429,78.9739695898173
"715",181.447447447447,75.0822386865783,71.395572166871,78.9592742952224
"716",181.491491491492,75.0602439411313,71.3670212314245,78.9445898580021
"717",181.535535535536,75.0382556388702,71.3384744197463,78.9299162215595
"718",181.57957957958,75.0162737779077,71.3099317822525,78.9152533297269
"719",181.623623623624,74.9942983563567,71.2813933689356,78.9006011267626
"720",181.667667667668,74.9723293723309,71.2528592293679,78.8859595573473
"721",181.711711711712,74.9503668239445,71.224329412705,78.8713285665808
"722",181.755755755756,74.9284107093122,71.1958039676897,78.8567080999781
"723",181.7997997998,74.9064610265493,71.1672829426546,78.8420981034668
"724",181.843843843844,74.8845177737716,71.1387663855258,78.8274985233828
"725",181.887887887888,74.8625809490955,71.1102543438265,78.8129093064681
"726",181.931931931932,74.840650550638,71.0817468646798,78.7983303998665
"727",181.975975975976,74.8187265765164,71.0532439948123,78.7837617511205
"728",182.02002002002,74.796809024849,71.0247457805574,78.769203308169
"729",182.064064064064,74.7748978937543,70.9962522678583,78.7546550193423
"730",182.108108108108,74.7529931813513,70.9677635022713,78.7401168333607
"731",182.152152152152,74.7310948857599,70.9392795289692,78.7255886993302
"732",182.196196196196,74.7092030051002,70.9108003927442,78.7110705667395
"733",182.24024024024,74.687317537493,70.882326138011,78.6965623854573
"734",182.284284284284,74.6654384810598,70.8538568088103,78.6820641057286
"735",182.328328328328,74.6435658339224,70.8253924488113,78.6675756781721
"736",182.372372372372,74.6216995942032,70.7969331013151,78.6530970537771
"737",182.416416416416,74.5998397600252,70.768478809258,78.6386281838999
"738",182.46046046046,74.5779863295121,70.7400296152141,78.6241690202613
"739",182.504504504504,74.5561393007878,70.7115855613983,78.6097195149438
"740",182.548548548549,74.534298671977,70.6831466896695,78.595279620388
"741",182.592592592593,74.512464441205,70.6547130415337,78.5808492893899
"742",182.636636636637,74.4906366065975,70.626284658146,78.5664284750983
"743",182.680680680681,74.4688151662807,70.5978615803149,78.5520171310116
"744",182.724724724725,74.4470001183816,70.5694438485041,78.5376152109748
"745",182.768768768769,74.4251914610274,70.5410315028356,78.5232226691771
"746",182.812812812813,74.4033891923463,70.5126245830928,78.5088394601484
"747",182.856856856857,74.3815933104665,70.4842231287231,78.4944655387572
"748",182.900900900901,74.3598038135172,70.4558271788409,78.4801008602073
"749",182.944944944945,74.338020699628,70.4274367722298,78.4657453800353
"750",182.988988988989,74.3162439669289,70.399051947346,78.4513990541077
"751",183.033033033033,74.2944736135508,70.3706727423207,78.4370618386184
"752",183.077077077077,74.2727096376247,70.3422991949629,78.4227336900858
"753",183.121121121121,74.2509520372825,70.3139313427619,78.4084145653499
"754",183.165165165165,74.2292008106565,70.2855692228901,78.3941044215705
"755",183.209209209209,74.2074559558796,70.2572128722058,78.3798032162235
"756",183.253253253253,74.1857174710852,70.2288623272552,78.365510907099
"757",183.297297297297,74.1639853544072,70.2005176242759,78.3512274522984
"758",183.341341341341,74.1422596039802,70.1721787991986,78.3369528102321
"759",183.385385385385,74.1205402179392,70.1438458876502,78.3226869396166
"760",183.429429429429,74.0988271944198,70.115518924956,78.3084297994722
"761",183.473473473473,74.0771205315583,70.0871979461427,78.2941813491206
"762",183.517517517518,74.0554202274911,70.05888298594,78.2799415481819
"763",183.561561561562,74.0337262803557,70.030574078784,78.2657103565729
"764",183.605605605606,74.0120386882898,70.0022712588191,78.251487734504
"765",183.64964964965,73.9903574494317,69.9739745599006,78.2372736424771
"766",183.693693693694,73.9686825619203,69.945684015597,78.2230680412832
"767",183.737737737738,73.9470140238951,69.9173996591924,78.2088708919999
"768",183.781781781782,73.925351833496,69.8891215236891,78.1946821559891
"769",183.825825825826,73.9036959888634,69.8608496418097,78.1805017948944
"770",183.86986986987,73.8820464881386,69.8325840459993,78.1663297706394
"771",183.913913913914,73.860403329463,69.8043247684281,78.1521660454248
"772",183.957957957958,73.8387665109789,69.7760718409936,78.1380105817263
"773",184.002002002002,73.8171360308288,69.7478252953227,78.1238633422926
"774",184.046046046046,73.7955118871561,69.7195851627742,78.1097242901425
"775",184.09009009009,73.7738940781046,69.6913514744409,78.0955933885634
"776",184.134134134134,73.7522826018185,69.6631242611517,78.0814706011087
"777",184.178178178178,73.7306774564427,69.6349035534739,78.0673558915956
"778",184.222222222222,73.7090786401226,69.6066893817155,78.0532492241033
"779",184.266266266266,73.6874861510043,69.5784817759271,78.03915056297
"780",184.31031031031,73.665899987234,69.5502807659041,78.025059872792
"781",184.354354354354,73.6443201469591,69.5220863811891,78.0109771184205
"782",184.398398398398,73.6227466283269,69.4938986510735,77.99690226496
"783",184.442442442442,73.6011794294856,69.4657176046001,77.982835277766
"784",184.486486486486,73.579618548584,69.4375432705645,77.9687761224434
"785",184.530530530531,73.5580639837711,69.4093756775181,77.9547247648438
"786",184.574574574575,73.5365157331968,69.3812148537691,77.9406811710639
"787",184.618618618619,73.5149737950113,69.3530608273853,77.9266453074434
"788",184.662662662663,73.4934381673656,69.3249136261957,77.9126171405631
"789",184.706706706707,73.4719088484109,69.2967732777924,77.8985966372425
"790",184.750750750751,73.4503858362991,69.2686398095329,77.8845837645385
"791",184.794794794795,73.4288691291828,69.2405132485419,77.8705784897429
"792",184.838838838839,73.407358725215,69.2123936217129,77.8565807803807
"793",184.882882882883,73.3858546225491,69.1842809557107,77.8425906042083
"794",184.926926926927,73.3643568193393,69.1561752769728,77.8286079292115
"795",184.970970970971,73.3428653137403,69.1280766117115,77.8146327236033
"796",185.015015015015,73.321380103907,69.0999849859158,77.8006649558227
"797",185.059059059059,73.2999011879953,69.0719004253531,77.7867045945322
"798",185.103103103103,73.2784285641615,69.043822955571,77.7727516086166
"799",185.147147147147,73.2569622305623,69.0157526018993,77.7588059671806
"800",185.191191191191,73.2355021853549,68.9876893894516,77.7448676395474
"801",185.235235235235,73.2140484266974,68.9596333431274,77.7309365952567
"802",185.279279279279,73.192600952748,68.9315844876135,77.717012804063
"803",185.323323323323,73.1711597616657,68.9035428473857,77.7030962359339
"804",185.367367367367,73.1497248516102,68.8755084467113,77.6891868610485
"805",185.411411411411,73.1282962207412,68.8474813096495,77.6752846497951
"806",185.455455455455,73.1068738672194,68.8194614600543,77.6613895727703
"807",185.4994994995,73.085457789206,68.7914489215758,77.6475016007768
"808",185.543543543544,73.0640479848625,68.7634437176616,77.6336207048216
"809",185.587587587588,73.0426444523511,68.7354458715588,77.6197468561149
"810",185.631631631632,73.0212471898346,68.7074554063154,77.6058800260679
"811",185.675675675676,72.9998561954761,68.6794723447823,77.5920201862915
"812",185.71971971972,72.9784714674396,68.6514967096143,77.5781673085946
"813",185.763763763764,72.9570930038892,68.6235285232726,77.5643213649823
"814",185.807807807808,72.93572080299,68.5955678080253,77.5504823276547
"815",185.851851851852,72.9143548629072,68.56761458595,77.5366501690049
"816",185.895895895896,72.8929951818069,68.5396688789347,77.5228248616178
"817",185.93993993994,72.8716417578555,68.5117307086795,77.5090063782682
"818",185.983983983984,72.8502945892201,68.4838000966984,77.4951946919196
"819",186.028028028028,72.8289536740681,68.4558770643206,77.4813897757224
"820",186.072072072072,72.8076190105677,68.4279616326917,77.4675916030128
"821",186.116116116116,72.7862905968876,68.4000538227758,77.4538001473106
"822",186.16016016016,72.7649684311968,68.3721536553568,77.4400153823184
"823",186.204204204204,72.7436525116651,68.3442611510395,77.4262372819198
"824",186.248248248248,72.7223428364627,68.3163763302514,77.412465820178
"825",186.292292292292,72.7010394037603,68.2884992132444,77.3987009713345
"826",186.336336336336,72.6797422117294,68.2606298200953,77.3849427098074
"827",186.38038038038,72.6584512585418,68.2327681707084,77.37119101019
"828",186.424424424424,72.6371665423697,68.204914284816,77.3574458472495
"829",186.468468468468,72.6158880613862,68.1770681819803,77.343707195926
"830",186.512512512513,72.5946158137647,68.1492298815946,77.3299750313302
"831",186.556556556557,72.5733497976791,68.1213994028844,77.3162493287429
"832",186.600600600601,72.5520900113041,68.0935767649095,77.3025300636132
"833",186.644644644645,72.5308364528146,68.0657619865644,77.2888172115573
"834",186.688688688689,72.5095891203863,68.0379550865806,77.2751107483569
"835",186.732732732733,72.4883480121952,68.010156083527,77.261410649958
"836",186.776776776777,72.467113126418,67.982364995812,77.2477168924702
"837",186.820820820821,72.445884461232,67.9545818416844,77.2340294521645
"838",186.864864864865,72.4246620148148,67.9268066392344,77.2203483054723
"839",186.908908908909,72.4034457853448,67.8990394063959,77.2066734289845
"840",186.952952952953,72.3822357710006,67.8712801609463,77.1930047994496
"841",186.996996996997,72.3610319699616,67.8435289205091,77.1793423937729
"842",187.041041041041,72.3398343804078,67.8157857025544,77.1656861890154
"843",187.085085085085,72.3186430005194,67.7880505244003,77.1520361623918
"844",187.129129129129,72.2974578284775,67.7603234032143,77.1383922912701
"845",187.173173173173,72.2762788624634,67.7326043560142,77.12475455317
"846",187.217217217217,72.2551061006592,67.7048933996695,77.1111229257618
"847",187.261261261261,72.2339395412474,67.6771905509027,77.097497386865
"848",187.305305305305,72.212779182411,67.64949582629,77.0838779144474
"849",187.349349349349,72.1916250223337,67.6218092422631,77.0702644866238
"850",187.393393393393,72.1704770591996,67.59413081511,77.0566570816549
"851",187.437437437437,72.1493352911933,67.5664605609762,77.0430556779459
"852",187.481481481481,72.1281997165,67.5387984958659,77.0294602540457
"853",187.525525525526,72.1070703333054,67.5111446356429,77.0158707886457
"854",187.56956956957,72.0859471397958,67.4834989960322,77.0022872605785
"855",187.613613613614,72.0648301341579,67.4558615926206,76.9887096488167
"856",187.657657657658,72.0437193145791,67.4282324408581,76.9751379324724
"857",187.701701701702,72.0226146792473,67.400611556059,76.9615720907953
"858",187.745745745746,72.0015162263507,67.3729989534026,76.9480121031723
"859",187.78978978979,71.9804239540783,67.345394647935,76.934457949126
"860",187.833833833834,71.9593378606196,67.3177986545694,76.9209096083137
"861",187.877877877878,71.9382579441644,67.2902109880877,76.9073670605265
"862",187.921921921922,71.9171842029033,67.2626316631411,76.8938302856882
"863",187.965965965966,71.8961166350273,67.2350606942515,76.8802992638542
"864",188.01001001001,71.875055238728,67.2074980958125,76.8667739752105
"865",188.054054054054,71.8540000121975,67.1799438820901,76.8532544000727
"866",188.098098098098,71.8329509536283,67.1523980672242,76.8397405188849
"867",188.142142142142,71.8119080612137,67.124860665229,76.8262323122189
"868",188.186186186186,71.7908713331472,67.0973316899945,76.812729760773
"869",188.23023023023,71.7698407676232,67.0698111552875,76.799232845371
"870",188.274274274274,71.7488163628362,67.0422990747519,76.7857415469615
"871",188.318318318318,71.7277981169817,67.0147954619105,76.7722558466167
"872",188.362362362362,71.7067860282553,66.9873003301655,76.7587757255314
"873",188.406406406406,71.6857800948534,66.9598136927996,76.7453011650221
"874",188.45045045045,71.6647803149729,66.9323355629769,76.7318321465265
"875",188.494494494494,71.6437866868111,66.9048659537436,76.7183686516015
"876",188.538538538539,71.6227992085658,66.8774048780294,76.7049106619235
"877",188.582582582583,71.6018178784357,66.8499523486483,76.6914581592868
"878",188.626626626627,71.5808426946195,66.8225083782989,76.6780111256025
"879",188.670670670671,71.5598736553169,66.7950729795662,76.6645695428982
"880",188.714714714715,71.5389107587277,66.767646164922,76.6511333933167
"881",188.758758758759,71.5179540030526,66.7402279467258,76.6377026591153
"882",188.802802802803,71.4970033864926,66.7128183372257,76.6242773226648
"883",188.846846846847,71.4760589072493,66.6854173485594,76.6108573664486
"884",188.890890890891,71.4551205635249,66.6580249927549,76.597442773062
"885",188.934934934935,71.4341883535219,66.6306412817315,76.5840335252112
"886",188.978978978979,71.4132622754436,66.6032662273007,76.5706296057124
"887",189.023023023023,71.3923423274937,66.5758998411666,76.5572309974914
"888",189.067067067067,71.3714285078763,66.5485421349273,76.543837683582
"889",189.111111111111,71.3505208147963,66.5211931200755,76.5304496471258
"890",189.155155155155,71.3296192464588,66.4938528079993,76.5170668713711
"891",189.199199199199,71.3087238010699,66.4665212099828,76.5036893396723
"892",189.243243243243,71.2878344768356,66.4391983372074,76.4903170354888
"893",189.287287287287,71.266951271963,66.4118842007523,76.4769499423843
"894",189.331331331331,71.2460741846594,66.384578811595,76.4635880440261
"895",189.375375375375,71.2252032131326,66.3572821806129,76.4502313241844
"896",189.419419419419,71.2043383555912,66.3299943185833,76.4368797667313
"897",189.463463463463,71.1834796102441,66.3027152361844,76.4235333556401
"898",189.507507507508,71.1626269753008,66.2754449439962,76.4101920749844
"899",189.551551551552,71.1417804489712,66.2481834525014,76.3968559089378
"900",189.595595595596,71.120940029466,66.2209307720854,76.3835248417727
"901",189.63963963964,71.1001057149961,66.1936869130382,76.3701988578594
"902",189.683683683684,71.0792775037731,66.1664518855542,76.3568779416661
"903",189.727727727728,71.0584553940092,66.1392256997331,76.3435620777575
"904",189.771771771772,71.0376393839169,66.1120083655813,76.3302512507941
"905",189.815815815816,71.0168294717095,66.0847998930115,76.3169454455321
"906",189.85985985986,70.9960256556005,66.0576002918445,76.3036446468217
"907",189.903903903904,70.9752279338042,66.0304095718091,76.2903488396074
"908",189.947947947948,70.9544363045354,66.0032277425434,76.2770580089265
"909",189.991991991992,70.9336507660092,65.976054813595,76.263772139909
"910",190.036036036036,70.9128713164414,65.9488907944221,76.2504912177765
"911",190.08008008008,70.8920979540483,65.9217356943938,76.2372152278413
"912",190.124124124124,70.8713306770467,65.8945895227913,76.2239441555069
"913",190.168168168168,70.850569483654,65.8674522888081,76.2106779862658
"914",190.212212212212,70.8298143720879,65.8403240015506,76.1974167056996
"915",190.256256256256,70.809065340567,65.8132046700394,76.1841602994786
"916",190.3003003003,70.78832238731,65.7860943032093,76.1709087533606
"917",190.344344344344,70.7675855105363,65.7589929099101,76.1576620531903
"918",190.388388388388,70.7468547084661,65.7319004989077,76.1444201848991
"919",190.432432432432,70.7261299793196,65.7048170788842,76.1311831345038
"920",190.476476476476,70.7054113213179,65.6777426584386,76.1179508881069
"921",190.52052052052,70.6846987326825,65.6506772460878,76.1047234318947
"922",190.564564564565,70.6639922116355,65.6236208502667,76.0915007521378
"923",190.608608608609,70.6432917563993,65.5965734793293,76.0782828351902
"924",190.652652652653,70.622597365197,65.5695351415492,76.0650696674879
"925",190.696696696697,70.6019090362523,65.5425058451197,76.0518612355497
"926",190.740740740741,70.5812267677892,65.5154855981553,76.0386575259751
"927",190.784784784785,70.5605505580324,65.4884744086916,76.025458525445
"928",190.828828828829,70.539880405207,65.4614722846862,76.01226422072
"929",190.872872872873,70.5192163075387,65.4344792340189,75.999074598641
"930",190.916916916917,70.4985582632536,65.4074952644931,75.9858896461273
"931",190.960960960961,70.4779062705786,65.3805203838355,75.972709350177
"932",191.005005005005,70.4572603277408,65.3535545996971,75.9595336978662
"933",191.049049049049,70.4366204329679,65.3265979196539,75.9463626763479
"934",191.093093093093,70.4159865844882,65.2996503512071,75.9331962728522
"935",191.137137137137,70.3953587805306,65.2727119017838,75.9200344746854
"936",191.181181181181,70.3747370193243,65.2457825787376,75.9068772692293
"937",191.225225225225,70.3541212990992,65.2188623893495,75.8937246439408
"938",191.269269269269,70.3335116180855,65.1919513408276,75.8805765863516
"939",191.313313313313,70.3129079745142,65.1650494403083,75.8674330840669
"940",191.357357357357,70.2923103666166,65.1381566948568,75.8542941247659
"941",191.401401401401,70.2717187926247,65.1112731114674,75.8411596962004
"942",191.445445445445,70.2511332507707,65.0843986970641,75.8280297861947
"943",191.489489489489,70.2305537392878,65.0575334585013,75.8149043826449
"944",191.533533533534,70.2099802564093,65.0306774025639,75.8017834735186
"945",191.577577577578,70.1894128003692,65.0038305359683,75.7886670468541
"946",191.621621621622,70.168851369402,64.9769928653627,75.7755550907602
"947",191.665665665666,70.1482959617426,64.9501643973276,75.7624475934153
"948",191.70970970971,70.1277465756267,64.9233451383762,75.7493445430672
"949",191.753753753754,70.1072032092901,64.896535094955,75.7362459280325
"950",191.797797797798,70.0866658609697,64.8697342734445,75.7231517366965
"951",191.841841841842,70.0661345289022,64.8429426801593,75.7100619575115
"952",191.885885885886,70.0456092113254,64.8161603213488,75.6969765789978
"953",191.92992992993,70.0250899064774,64.789387203198,75.6838955897426
"954",191.973973973974,70.0045766125967,64.762623331827,75.670818978399
"955",192.018018018018,69.9840693279225,64.7358687132926,75.6577467336865
"956",192.062062062062,69.9635680506945,64.7091233535881,75.6446788443895
"957",192.106106106106,69.9430727791528,64.6823872586441,75.631615299358
"958",192.15015015015,69.9225835115381,64.6556604343287,75.618556087506
"959",192.194194194194,69.9021002460916,64.6289428864479,75.6055011978118
"960",192.238238238238,69.8816229810551,64.6022346207466,75.592450619317
"961",192.282282282282,69.8611517146706,64.5755356429084,75.5794043411269
"962",192.326326326326,69.8406864451811,64.5488459585565,75.5663623524088
"963",192.37037037037,69.8202271708297,64.5221655732539,75.5533246423926
"964",192.414414414414,69.7997738898602,64.4954944925038,75.5402912003702
"965",192.458458458458,69.7793266005169,64.4688327217503,75.5272620156943
"966",192.502502502502,69.7588853010446,64.4421802663788,75.514237077779
"967",192.546546546547,69.7384499896886,64.4155371317158,75.5012163760988
"968",192.590590590591,69.7180206646948,64.3889033230305,75.488199900188
"969",192.634634634635,69.6975973243095,64.3622788455342,75.475187639641
"970",192.678678678679,69.6771799667794,64.335663704381,75.462179584111
"971",192.722722722723,69.6567685903522,64.3090579046685,75.4491757233103
"972",192.766766766767,69.6363631932755,64.282461451438,75.4361760470093
"973",192.810810810811,69.6159637737978,64.255874349675,75.4231805450367
"974",192.854854854855,69.595570330168,64.229296604309,75.4101892072785
"975",192.898898898899,69.5751828606355,64.2027282202153,75.3972020236781
"976",192.942942942943,69.5548013634503,64.1761692022137,75.3842189842356
"977",192.986986986987,69.5344258368628,64.1496195550703,75.3712400790072
"978",193.031031031031,69.514056279124,64.123079283497,75.3582652981056
"979",193.075075075075,69.4936926884853,64.0965483921523,75.3452946316986
"980",193.119119119119,69.4733350631988,64.0700268856417,75.3323280700095
"981",193.163163163163,69.4529834015169,64.0435147685178,75.3193656033163
"982",193.207207207207,69.4326377016926,64.0170120452811,75.3064072219514
"983",193.251251251251,69.4122979619795,63.9905187203797,75.2934529163015
"984",193.295295295295,69.3919641806316,63.9640347982108,75.2805026768064
"985",193.339339339339,69.3716363559034,63.9375602831198,75.2675564939601
"986",193.383383383383,69.35131448605,63.9110951794015,75.2546143583086
"987",193.427427427427,69.3309985693269,63.8846394912999,75.241676260451
"988",193.471471471471,69.3106886039903,63.8581932230096,75.2287421910385
"989",193.515515515516,69.2903845882968,63.8317563786747,75.2158121407744
"990",193.55955955956,69.2700865205033,63.8053289623903,75.2028861004129
"991",193.603603603604,69.2497943988676,63.7789109782023,75.1899640607598
"992",193.647647647648,69.2295082216477,63.752502430108,75.1770460126715
"993",193.691691691692,69.2092279871023,63.7261033220564,75.164131947055
"994",193.735735735736,69.1889536934905,63.6997136579482,75.1512218548671
"995",193.77977977978,69.168685339072,63.6733334416369,75.1383157271146
"996",193.823823823824,69.148422922107,63.6469626769283,75.1254135548536
"997",193.867867867868,69.128166440856,63.6206013675813,75.1125153291893
"998",193.911911911912,69.1079158935804,63.5942495173084,75.0996210412754
"999",193.955955955956,69.0876712785417,63.5679071297756,75.0867306823144
"1000",194,69.0674325940022,63.5415742086028,75.0738442435565
