concentration,absorbance,plate,well
0,1.841,plate_1,A1
0,2.98,plate_1,A2
0,2.232,plate_1,A3
0,2.582,plate_1,A4
0,2.128,plate_1,A5
0,1.808,plate_1,A6
0,1.872,plate_1,A7
0,1.557,plate_1,A8
0,2.884,plate_1,B1
0,3.262,plate_1,B2
0,3.264,plate_1,B3
0,3.01,plate_1,B4
0,3.219,plate_1,B5
0,2.332,plate_1,B6
0,2.539,plate_1,B7
0,1.792,plate_1,B8
0,2.097,plate_1,C1
0,2.567,plate_1,C2
0,1.825,plate_1,C3
0,1.826,plate_1,C4
0,1.565,plate_1,C5
0,1.464,plate_1,C6
0,1.512,plate_1,C7
0,1.893,plate_1,C8
10,1.655,plate_1,D1
10,1.59,plate_1,D2
10,2.385,plate_1,D3
10,2.29,plate_1,D4
10,2.6,plate_1,D5
10,2.184,plate_1,D6
10,2.199,plate_1,D7
10,2.298,plate_1,D8
10,1.398,plate_1,E1
10,1.772,plate_1,E2
10,2.177,plate_1,E3
10,2.371,plate_1,E4
10,2.543,plate_1,E5
10,1.928,plate_1,E6
10,2.235,plate_1,E7
10,1.606,plate_1,E8
10,1.52,plate_1,F1
10,1.537,plate_1,F2
10,1.914,plate_1,F3
10,2.153,plate_1,F4
10,1.694,plate_1,F5
10,1.917,plate_1,F6
10,1.926,plate_1,F7
10,1.628,plate_1,F8
20,1.347,plate_1,G1
20,1.463,plate_1,G2
20,1.456,plate_1,G3
20,1.402,plate_1,G4
20,1.934,plate_1,G5
20,1.856,plate_1,G6
20,1.385,plate_1,G7
20,1.787,plate_1,G8
20,1.548,plate_1,H1
20,1.172,plate_1,H2
20,0.91,plate_1,H3
20,0.82,plate_1,H4
20,1.024,plate_1,H5
20,1.245,plate_1,H6
20,1.57,plate_1,H7
20,1.613,plate_1,H8
20,0.627,plate_1,I1
20,0.217,plate_1,I2
20,0.173,plate_1,I3
20,0.156,plate_1,I4
20,0.125,plate_1,I5
20,0.155,plate_1,I6
20,0.137,plate_1,I7
20,0.483,plate_1,I8
40,0.112,plate_1,J1
40,0.133,plate_1,J2
40,0.132,plate_1,J3
40,0.155,plate_1,J4
40,0.143,plate_1,J5
40,0.139,plate_1,J6
40,0.145,plate_1,J7
40,0.099,plate_1,J8
40,0.129,plate_1,K1
40,0.119,plate_1,K2
40,0.15,plate_1,K3
40,0.125,plate_1,K4
40,0.138,plate_1,K5
40,0.138,plate_1,K6
40,0.154,plate_1,K7
40,0.129,plate_1,K8
40,0.105,plate_1,L1
40,0.128,plate_1,L2
40,0.143,plate_1,L3
40,0.162,plate_1,L4
40,0.145,plate_1,L5
40,0.153,plate_1,L6
40,0.148,plate_1,L7
40,0.123,plate_1,L8
0,2.1128900003315,plate_2,A1
0,3.23014969371028,plate_2,A2
0,2.33895181813998,plate_2,A3
0,2.5012275451004,plate_2,A4
0,2.05501307221149,plate_2,A5
0,1.89560221162921,plate_2,A6
0,1.87984752325233,plate_2,A7
0,1.81845347139589,plate_2,A8
0,2.91371405764991,plate_2,B1
0,3.56736829127156,plate_2,B2
0,3.54257754688496,plate_2,B3
0,2.96255156248074,plate_2,B4
0,3.56931604277718,plate_2,B5
0,2.37439540598496,plate_2,B6
0,2.79447537627926,plate_2,B7
0,1.8516301532186,plate_2,B8
0,2.21492077873521,plate_2,C1
0,2.69182632997275,plate_2,C2
0,1.73275736404455,plate_2,C3
0,2.31718433398104,plate_2,C4
0,1.9412458709897,plate_2,C5
0,1.52259969838196,plate_2,C6
0,1.57411254891105,plate_2,C7
0,1.68009293037361,plate_2,C8
10,2.00624621150451,plate_2,D1
10,1.72705076916819,plate_2,D2
10,2.47686183088858,plate_2,D3
10,2.59084500641834,plate_2,D4
10,3.09042774243018,plate_2,D5
10,2.44441973971608,plate_2,D6
10,2.17674676730207,plate_2,D7
10,2.53575382295294,plate_2,D8
10,1.99291222354641,plate_2,E1
10,2.05442682850718,plate_2,E2
10,2.39215601793322,plate_2,E3
10,2.3804213296152,plate_2,E4
10,2.59260377066935,plate_2,E5
10,1.98416217515389,plate_2,E6
10,2.48701071709435,plate_2,E7
10,2.06659584805755,plate_2,E8
10,1.41122220832266,plate_2,F1
10,1.6374137803282,plate_2,F2
10,2.33542673208324,plate_2,F3
10,1.97687566496808,plate_2,F4
10,1.71880025201419,plate_2,F5
10,2.18548981963593,plate_2,F6
10,1.86219932090159,plate_2,F7
10,1.84910509648268,plate_2,F8
20,1.57873274464313,plate_2,G1
20,1.59129620165474,plate_2,G2
20,1.65563368414407,plate_2,G3
20,1.74089957553946,plate_2,G4
20,2.30734811427426,plate_2,G5
20,1.978591069323,plate_2,G6
20,1.64403837594143,plate_2,G7
20,1.74424967463354,plate_2,G8
20,1.73089488461555,plate_2,H1
20,1.67538354487303,plate_2,H2
20,0.725530995514613,plate_2,H3
20,0.808621364768745,plate_2,H4
20,0.852589604192308,plate_2,H5
20,1.58683978203961,plate_2,H6
20,1.48859089868191,plate_2,H7
20,2.04546406117093,plate_2,H8
20,1.00759585246837,plate_2,I1
20,0.0249683056288939,plate_2,I2
20,0.60400540360165,plate_2,I3
20,0.00287015290257886,plate_2,I4
20,0.382237552996197,plate_2,I5
20,0.114292795264278,plate_2,I6
20,0.203585868341239,plate_2,I7
20,0.610656769078182,plate_2,I8
40,0.0981317607403081,plate_2,J1
40,0.544334389559084,plate_2,J2
40,0.168442671555241,plate_2,J3
40,0.214050878798806,plate_2,J4
40,0.334236344836112,plate_2,J5
40,0.57934337137897,plate_2,J6
40,0.402926414941909,plate_2,J7
40,0.296750354108526,plate_2,J8
40,0.207527237490499,plate_2,K1
40,0.413034493828295,plate_2,K2
40,0.0318498274722151,plate_2,K3
40,0.206622351272515,plate_2,K4
40,0.392385436331052,plate_2,K5
40,0.382924707273259,plate_2,K6
40,0.158361756762516,plate_2,K7
40,0.381457324407926,plate_2,K8
40,0.346493385870342,plate_2,L1
40,0.0112119712537642,plate_2,L2
40,0.0095030831360865,plate_2,L3
40,0.319308543267677,plate_2,L4
40,0.148128852216828,plate_2,L5
40,0.120442890920073,plate_2,L6
40,0.145041635548363,plate_2,L7
40,0.138892732875985,plate_2,L8
